<?xml version="1.0" encoding="UTF-8"?>
<CustomApplication xmlns="http://soap.sforce.com/2006/04/metadata">
    <brand>
        <headerColor>#0070D2</headerColor>
        <shouldOverrideOrgTheme>false</shouldOverrideOrgTheme>
    </brand>
    <formFactors>Small</formFactors>
    <formFactors>Large</formFactors>
    <isNavAutoTempTabsDisabled>false</isNavAutoTempTabsDisabled>
    <isNavPersonalizationDisabled>false</isNavPersonalizationDisabled>
    <label>Cyclone Widgets</label>
    <navType>Standard</navType>
    <tabs>Widget__c</tabs>
    <tabs>Widget_Webservice_Logs__c</tabs>
    <uiType>Lightning</uiType>
    <utilityBar>Cyclone_Widgets_UtilityBar</utilityBar>
</CustomApplication>
